{
  "HTTP Request-1" : {
    "transaction" : "HTTP Request-1",
    "sampleCount" : 80,
    "errorCount" : 0,
    "errorPct" : 0.0,
    "meanResTime" : 11660.25,
    "medianResTime" : 11722.5,
    "minResTime" : 2059.0,
    "maxResTime" : 23293.0,
    "pct1ResTime" : 17239.700000000004,
    "pct2ResTime" : 19883.700000000004,
    "pct3ResTime" : 23293.0,
    "throughput" : 2.7126920077311723,
    "receivedKBytesPerSec" : 2017.500704664135,
    "sentKBytesPerSec" : 0.31259536807839683
  },
  "Total" : {
    "transaction" : "Total",
    "sampleCount" : 240,
    "errorCount" : 0,
    "errorPct" : 0.0,
    "meanResTime" : 7991.120833333336,
    "medianResTime" : 9248.0,
    "minResTime" : 60.0,
    "maxResTime" : 23638.0,
    "pct1ResTime" : 15710.200000000003,
    "pct2ResTime" : 17816.649999999998,
    "pct3ResTime" : 23341.97,
    "throughput" : 7.793726050529323,
    "receivedKBytesPerSec" : 3867.3110528836787,
    "sentKBytesPerSec" : 1.1771773722153667
  },
  "HTTP Request-0" : {
    "transaction" : "HTTP Request-0",
    "sampleCount" : 80,
    "errorCount" : 0,
    "errorPct" : 0.0,
    "meanResTime" : 325.4250000000001,
    "medianResTime" : 288.0,
    "minResTime" : 60.0,
    "maxResTime" : 2656.0,
    "pct1ResTime" : 857.7,
    "pct2ResTime" : 1226.9500000000003,
    "pct3ResTime" : 2656.0,
    "throughput" : 2.9760797589375394,
    "receivedKBytesPerSec" : 1.7437967337524645,
    "sentKBytesPerSec" : 0.33132137941296824
  },
  "HTTP Request" : {
    "transaction" : "HTTP Request",
    "sampleCount" : 80,
    "errorCount" : 0,
    "errorPct" : 0.0,
    "meanResTime" : 11987.687500000002,
    "medianResTime" : 11946.5,
    "minResTime" : 2127.0,
    "maxResTime" : 23638.0,
    "pct1ResTime" : 17326.7,
    "pct2ResTime" : 20170.900000000005,
    "pct3ResTime" : 23638.0,
    "throughput" : 2.597908683509775,
    "receivedKBytesPerSec" : 1933.6555264418394,
    "sentKBytesPerSec" : 0.5885886861076833
  }
}